{
  "version": 1,
  "author": "Hao Wang",
  "editor": "wokwi",
  "parts": [
    { "type": "wokwi-arduino-uno", "id": "uno", "top": 34, "left": -41.33, "attrs": {} },
    { "type": "wokwi-potentiometer", "id": "pot1", "top": 252.6, "left": 91.33, "attrs": {} },
    {
      "type": "wokwi-led",
      "id": "led1",
      "top": -44.85,
      "left": 58.19,
      "attrs": { "color": "red" }
    }
  ],
  "connections": [
    [ "pot1:VCC", "uno:5V", "red", [ "v17.45", "h44.17", "v-94.82", "h-64.23" ] ],
    [ "pot1:GND", "uno:GND.2", "black", [ "v15.5", "h-49.7", "v-87.78", "h57.79" ] ],
    [ "pot1:SIG", "uno:A0", "green", [ "v24.22", "h78.79", "v-107.95", "h-41.98" ] ],
    [ "led1:A", "uno:13", "green", [ "v0" ] ],
    [ "led1:C", "uno:GND.1", "green", [ "v0" ] ]
  ]
}